BRANCH,ADDRESS,CITY,ZIP,JANUARY,FEBRUARY,MARCH,APRIL,MAY,JUNE,JULY,AUGUST,SEPTEMBER,OCTOBER,NOVEMBER,DECEMBER,YTD,YEAR
Albany Park,3401 W. Foster Ave.,Chicago,60625,10405,10594,11498,10867,10395,11171,11532,11387,11534,11677,9741,9454,130255,2019
Altgeld,13281 S. Corliss Ave.,Chicago,60827,2083,2358,2380,2127,2247,2484,2578,2512,2462,2678,2014,2273,28196,2019
Archer Heights,5055 S. Archer Ave.,Chicago,60632,6378,7521,7809,7824,7162,6952,7835,7536,6908,8219,6679,5770,86593,2019
Austin,5615 W. Race Ave.,Chicago,60644,4878,5391,5655,5378,5178,5895,7399,7962,6299,7604,8128,7713,77480,2019
Austin-Irving,6100 W. Irving Park Rd.,Chicago,60634,8003,8879,9627,8853,9172,9897,10441,10110,9031,10054,8060,6953,109080,2019
Avalon,8148 S. Stony Island Ave.,Chicago,60617,7925,8093,8748,11392,8896,7870,9318,9045,8389,10385,7523,7078,104662,2019
Back of the Yards,2111 W. 47th St.,Chicago,60609,3382,3235,3990,3864,4310,3670,4447,4243,3801,4173,3007,2867,44989,2019
Beverly,1962 W. 95th St.,Chicago,60643,5727,6496,6627,6492,7135,6496,6890,6275,6777,7333,6761,3327,76336,2019
Bezazian,1226 W. Ainslie St.,Chicago,60640,9666,8634,9543,10704,10433,10540,11867,12265,9769,11981,9164,7005,121571,2019
Blackstone,4904 S. Lake Park Ave.,Chicago,60615,7440,6986,8107,8534,7677,8143,9601,8850,7733,7779,7112,6396,94358,2019
Brainerd,1350 W. 89th St.,Chicago,60620,5057,6719,5235,6594,6380,7204,4534,4690,3680,4456,3039,2439,60027,2019
Brighton Park,4314 S. Archer Ave.,Chicago,60632,4444,4593,4480,5680,4161,4514,5194,5142,4223,5799,4107,3349,55686,2019
Bucktown-Wicker Park,1701 N. Milwaukee Ave.,Chicago,60647,10961,10580,13487,10603,8590,10533,11950,11519,9416,10659,10384,9460,128142,2019
Budlong Woods,5630 N. Lincoln Ave.,Chicago,60659,9917,11174,11358,10868,9672,10735,11979,11038,9372,10725,9318,8893,125049,2019
Canaryville,642 W. 43rd St.,Chicago,60609,2614,2956,3515,3195,3186,3617,3931,3467,3130,3435,3129,2748,38923,2019
Chicago Bee,3647 S. State St.,Chicago,60609,1585,1742,1957,2287,2114,2335,2184,1920,1720,2296,1925,1643,23708,2019
Chicago Lawn,6120 S. Kedzie Ave.,Chicago,60629,5247,6273,5315,5792,5304,6077,7165,8598,4600,0,0,0,54371,2019
Chinatown,2100 S. Wentworth Ave.,Chicago,60616,16716,21237,24670,22875,23898,22703,24518,26210,22446,24910,21183,20148,271514,2019
Clearing,6423 W. 63rd Pl.,Chicago,60638,4283,5259,5385,5196,4787,4777,6062,5700,4742,185,1552,3740,51668,2019
Coleman,731 E. 63rd St.,Chicago,60637,6123,6834,6745,7398,6891,6603,8386,7985,0,4517,6031,6884,74397,2019
"Daley, Richard J.",3400 S. Halsted St.,Chicago,60608,4550,4650,5042,5536,5059,4988,5952,5590,4853,5618,4720,4105,60663,2019
"Daley, Richard M.",733 N. Kedzie Ave.,Chicago,60612,9216,10480,10319,9572,8927,8959,9283,11059,8526,9535,8850,11435,116161,2019
Douglass,3353 W. 13th St.,Chicago,60623,0,0,0,0,0,0,0,0,0,0,0,0,0,2019
Dunning,7455 W. Cornelia Ave.,Chicago,60634,7777,8684,8650,8425,9254,9519,10353,9049,10065,8865,6802,6816,104259,2019
Edgebrook,5331 W. Devon Ave.,Chicago,60646,7241,8130,8517,8361,7260,8955,9688,9171,7282,8610,7074,6716,97005,2019
Edgewater,6000 N. Broadway St.,Chicago,60660,11504,17381,19171,20253,15847,16459,18370,17216,15906,17014,14596,13328,197045,2019
Gage Park,2807 W. 55th St.,Chicago,60632,2111,1979,2000,2177,2185,2569,3111,2967,2435,3834,2256,2082,29706,2019
Galewood-Mont Clare,6871 W. Belden Ave.,Chicago,60707,1597,1444,1725,2061,1722,1923,3067,1882,1510,1596,1129,807,20463,2019
Garfield Ridge,6348 S. Archer Ave.,Chicago,60638,4500,4904,5803,5559,5099,5850,7855,6865,5307,7239,6105,5042,70128,2019
Greater Grand Crossing,1000 E. 73rd St.,Chicago,60619,4541,6664,7689,7662,7828,6828,4125,3715,6132,4111,4940,5763,69998,2019
Hall,4801 S. Michigan Ave.,Chicago,60615,5040,7987,7226,5947,4439,5110,6350,5452,5026,5833,4891,4583,67884,2019
Harold Washtington Library Center,400 S. State St.,Chicago,60605,103099,103013,121131,130849,114792,116673,119738,116332,107200,128546,102895,141696,1405964,2019
Hegewisch,3048 E. 130th St.,Chicago,60633,3316,3462,3985,3766,3153,2999,3147,2971,2941,3366,2956,2685,38747,2019
Humboldt Park,1605 N. Troy St.,Chicago,60647,5224,9661,7993,7773,6737,6220,6957,6630,5617,6141,5104,4489,78546,2019
Independence,4024 N. Elston Ave.,Chicago,60618,1370,6593,7220,6917,5745,7940,7363,7810,6034,6929,6349,4782,75052,2019
Jefferson Park,5363 W. Lawrence Ave.,Chicago,60630,3918,0,0,0,0,0,0,0,0,0,0,2190,6108,2019
Jeffery Manor,2401 E. 100th St.,Chicago,60617,4733,6392,5537,5750,5473,5423,4722,4233,4210,4508,3242,3259,57482,2019
Kelly,6151 S. Normal Blvd.,Chicago,60621,4435,4047,4547,4983,5075,5598,7550,6978,5805,6778,4742,4809,65347,2019
King,3436 S. King Dr.,Chicago,60616,3695,4217,3618,3429,2261,2438,2503,2578,2107,2298,3362,2684,35190,2019
Legler Regional,115 S. Pulaski Rd.,Chicago,60624,6386,6630,7195,6949,7489,4550,11452,11899,9477,0,0,0,72027,2019
Lincoln Belmont,1659 W. Melrose St.,Chicago,60657,11415,11059,13860,13440,12697,13591,15408,14672,12394,14886,12402,10364,156188,2019
Lincoln Park,1150 W. Fullerton Ave.,Chicago,60614,9854,13476,14077,11767,9822,10961,12604,11804,10455,11912,10723,9969,137424,2019
Little Italy,1336 W. Taylor St.,Chicago,60607,0,4816,11303,11381,11304,11502,12663,12261,10363,12198,10555,9705,118051,2019
Little Village,2311 S. Kedzie Ave.,Chicago,60623,6716,7025,7467,7492,6809,5966,8116,7093,5779,7695,5774,4757,80689,2019
Logan Square,3030 W. Fullerton Ave.,Chicago,60647,10787,11189,12731,13085,12085,13409,15385,14070,12177,13592,11271,10749,150530,2019
Lozano,1805 S. Loomis St.,Chicago,60608,10057,9935,10745,12061,9690,9632,10214,10118,9436,11858,10613,9009,123368,2019
Manning,6 S. Hoyne Ave.,Chicago,60612,7361,7085,7814,7168,6320,6161,6978,6639,5923,8186,7512,7011,84158,2019
Thurgood Marshall,7506 S. Racine Ave.,Chicago,60620,5148,5317,7870,3967,6344,6597,7460,7055,5982,10479,6336,5654,78209,2019
Mayfair,4400 W. Lawrence Ave.,Chicago,60630,3625,4111,4350,4369,3606,3835,3371,4187,3903,4320,3900,3570,47147,2019
McKinley Park,1915 W. 35th St.,Chicago,60609,7154,8242,8220,8226,7968,9138,10614,8844,7834,8637,7739,6630,99246,2019
Merlo,644 W. Belmont Ave.,Chicago,60657,8108,11525,0,0,0,0,0,0,0,0,0,0,19633,2019
Mount Greenwood,11010 S. Kedzie Ave.,Chicago,60655,4670,4966,4987,5070,5094,5670,6647,3999,2293,3048,2614,2217,51275,2019
Near North,310 W. Division St.,Chicago,60610,10281,11897,11311,10963,10209,11213,12401,11582,10023,11624,9205,9447,130156,2019
North Austin,5724 W. North Ave.,Chicago,60639,3163,2591,2364,3658,3457,3369,4244,4556,3488,4209,3419,3439,41957,2019
North Pulaski,4300 W. North Ave.,Chicago,60639,3324,4141,5013,3923,3875,3948,4404,5103,3372,4093,3590,2932,47718,2019
Northtown,6800 N. Western Ave.,Chicago,60645,0,0,8377,10287,10443,10928,13805,13024,10819,12803,10329,3418,104233,2019
Oriole Park,7454 W. Balmoral Ave.,Chicago,60656,6053,7235,7352,6842,6241,6540,7478,6484,7282,7216,6509,6597,81829,2019
Portage-Cragin,5108 W. Belmont Ave.,Chicago,60641,5687,7332,7091,3696,0,722,6029,5739,4948,3960,5244,4353,54801,2019
Pullman,11001 S. Indiana Ave.,Chicago,60628,3919,3820,4214,4370,3626,3985,4783,4638,4086,4430,3803,3696,49370,2019
Roden,6083 N. Northwest Hwy.,Chicago,60631,4319,11837,10835,6604,4550,5163,5669,5857,4441,5405,4277,1925,70882,2019
Rogers Park,6907 N. Clark St.,Chicago,60626,14708,12762,11756,12728,12520,12630,14204,14437,11482,13277,11192,10366,152062,2019
Scottsdale,4101 W. 79th St.,Chicago,60652,3407,3639,3388,4375,3744,3481,4237,3922,3503,4085,3692,3041,44514,2019
Sherman Park,5440 S. Racine Ave.,Chicago,60609,3089,3028,3313,3416,3445,3356,4989,4646,3469,4224,3209,2044,42228,2019
South Chicago,9055 S. Houston Ave.,Chicago,60617,6062,6279,7879,6299,6810,6856,6928,7793,7794,7790,6574,6029,83093,2019
South Shore,2505 E. 73rd St.,Chicago,60649,5613,5077,0,0,0,0,0,0,0,0,0,0,10690,2019
Sulzer Regional Library,4455 N. Lincoln Ave.,Chicago,60625,24368,23998,32223,30983,37357,29641,33583,32266,29043,29043,30883,25256,358644,2019
Toman,2708 S. Pulaski Rd.,Chicago,60623,6426,6954,7849,8025,6567,7071,10676,9234,7270,9047,5027,4428,88574,2019
Uptown,929 W. Buena Ave.,Chicago,60613,2827,8495,11025,11894,12081,11212,12847,12931,11159,12083,10504,9632,126690,2019
Vodak-East Side,3710 E. 106th St.,Chicago,60617,4782,5306,5703,4964,4831,4973,6037,4992,4643,6519,4837,2900,60487,2019
Walker,11071 S. Hoyne Ave.,Chicago,60643,2885,2896,3418,3325,3725,4001,3941,3563,3268,1731,0,0,32753,2019
West Belmont,3104 N. Narragansett Ave.,Chicago,60611,2099,6107,6601,6253,5345,5968,6061,5570,4909,5503,4104,3723,62243,2019
West Chicago Avenue,4856 W. Chicago Ave.,Chicago,60634,5513,5723,6113,5361,5921,1505,7290,7584,7329,8804,6452,6109,73704,2019
West Englewood,1745 W. 63rd St.,Chicago,60651,5708,5481,5904,5717,5555,5780,6270,6818,5744,6739,4684,4843,69243,2019
West Lawn,4020 W. 63rd St.,Chicago,60636,4032,4603,4727,5068,5002,5173,5857,7376,5870,6832,5152,5267,64959,2019
West Loop,122 N. Aberdeen St.,Chicago,60607,3323,7748,7628,7529,6881,6892,7895,7753,6520,7804,7554,6442,83969,2019
West Pullman,830 W. 119th St.,Chicago,60643,7373,8225,8535,9508,7508,6100,7248,7048,6296,6924,6154,6789,87708,2019
West Town,1625 W. Chicago Ave.,Chicago,60622,7861,7916,8861,8380,7901,7270,11701,9935,8172,9223,8235,7371,102826,2019
"Whitney M. Young, Jr.",415 East 79th St.,Chicago,60619,6599,6897,5449,6937,6943,6596,7538,6312,7118,7608,6857,7169,82023,2019
Woodson Regional Library,9525 S. Halsted St.,Chicago,60628,15153,21771,22059,18687,16703,17239,18549,16946,17550,19223,15232,15061,214173,2019
Wrightwood-Ashburn,8530 S. Kedzie Ave.,Chicago,60652,3740,2742,3248,3925,3401,4020,4994,4567,4462,4802,3880,3572,47353,2019
Woodson Regional Library,9525 S. Halsted St.,Chicago,60628,16492,16461,14015,0,0,2238,4817,5088,5260,5900,4322,3773,78366,2020
"Whitney M. Young, Jr.",415 East 79th St.,Chicago,60619,8004,7119,10619,0,0,1010,1639,2376,2541,1505,1988,1330,38131,2020
Northtown,6800 N. Western Ave.,Chicago,60645,0,13474,7864,0,0,5612,9002,9342,9046,7657,5881,6184,74062,2020
Dunning,7455 W. Cornelia Ave.,Chicago,60634,7328,7572,4237,0,0,3678,4873,6846,6185,5341,4086,4224,54370,2020
Bezazian,1226 W. Ainslie St.,Chicago,60640,9959,9130,6567,0,0,2147,2596,2802,2700,2787,2265,413,41366,2020
West Pullman,830 W. 119th St.,Chicago,60643,8338,7884,7611,0,0,649,1267,1529,1673,1966,1184,1160,33261,2020
Pullman,11001 S. Indiana Ave.,Chicago,60628,3775,3410,2215,0,0,725,2492,1654,0,0,1149,1729,17149,2020
Jeffery Manor,2401 E. 100th St.,Chicago,60617,3563,3191,2427,0,0,2145,2561,2678,3099,2876,1811,1697,26048,2020
Hall,4801 S. Michigan Ave.,Chicago,60615,4885,4729,6570,0,0,2322,2951,2806,2718,2974,406,0,30361,2020
Mount Greenwood,11010 S. Kedzie Ave.,Chicago,60655,3582,2222,1233,0,0,1267,1468,1437,1387,1709,1448,1455,17208,2020
Coleman,731 E. 63rd St.,Chicago,60637,6541,6593,4032,0,0,2399,3196,3624,3334,3692,3370,3356,40137,2020
Austin-Irving,6100 W. Irving Park Rd.,Chicago,60634,7867,7380,4222,0,0,1972,2810,2823,5558,6360,2820,2737,44549,2020
Wrightwood-Ashburn,8530 S. Kedzie Ave.,Chicago,60652,3849,3526,2341,0,0,1371,1881,2190,1830,1750,1245,1355,21338,2020
Thurgood Marshall,7506 S. Racine Ave.,Chicago,60620,6199,7924,4089,0,0,1579,2345,3327,3186,3231,2072,2055,36007,2020
Chicago Bee,3647 S. State St.,Chicago,60609,1905,2577,1414,0,0,527,479,540,590,612,506,523,9673,2020
Vodak-East Side,3710 E. 106th St.,Chicago,60617,1319,4556,3103,0,0,2814,2295,2861,1889,1849,1912,2053,24651,2020
Sherman Park,5440 S. Racine Ave.,Chicago,60609,2698,2403,1780,0,0,1290,2118,2380,1611,755,1560,1612,18207,2020
Walker,11071 S. Hoyne Ave.,Chicago,60643,0,0,0,0,0,0,147,547,480,765,263,404,2606,2020
Albany Park,3401 W. Foster Ave.,Chicago,60625,9878,9473,5077,0,0,3188,4156,4566,4295,4272,3727,3567,52199,2020
Avalon,8148 S. Stony Island Ave.,Chicago,60617,8908,7616,4437,0,0,2713,3939,4140,3933,3899,3575,2083,45243,2020
Brainerd,1350 W. 89th St.,Chicago,60620,2455,2279,1522,0,0,707,494,600,686,726,559,580,10608,2020
Oriole Park,7454 W. Balmoral Ave.,Chicago,60656,7781,6343,3920,0,0,1616,2382,2927,3467,3263,3626,3289,38614,2020
Little Italy,1336 W. Taylor St.,Chicago,60607,10850,10504,3401,0,0,2996,3099,2300,2087,1240,2886,1570,40933,2020
Edgebrook,5331 W. Devon Ave.,Chicago,60646,7485,6533,4488,0,0,3775,5091,4750,4749,4559,2329,3798,47557,2020
Kelly,6151 S. Normal Blvd.,Chicago,60621,5448,5301,3274,0,0,360,610,857,736,814,664,582,18646,2020
Edgewater,6000 N. Broadway St.,Chicago,60660,15208,13339,16636,0,0,5031,7816,7342,5542,8189,5950,6397,91450,2020
Near North,310 W. Division St.,Chicago,60610,10765,9489,6197,0,0,4539,6207,6005,6181,6109,4796,4860,65148,2020
Canaryville,642 W. 43rd St.,Chicago,60609,2493,2555,1355,0,0,0,0,0,0,0,0,0,6403,2020
"Daley, Richard J.",3400 S. Halsted St.,Chicago,60608,4565,4210,2989,0,0,1503,1887,2104,2298,2744,2211,1559,26070,2020
Manning,6 S. Hoyne Ave.,Chicago,60612,7161,6683,0,0,0,0,0,0,0,0,0,0,13844,2020
Portage-Cragin,5108 W. Belmont Ave.,Chicago,60641,5365,5073,6851,0,0,1662,2497,3058,3013,3049,2182,2357,35107,2020
Greater Grand Crossing,1000 E. 73rd St.,Chicago,60619,4210,3399,2046,0,0,673,1085,1150,1280,1521,1128,1043,17535,2020
Scottsdale,4101 W. 79th St.,Chicago,60652,3190,3210,2501,0,0,1742,2531,2536,2210,2710,1835,1935,24400,2020
Altgeld,13281 S. Corliss Ave.,Chicago,60827,2730,1809,1127,0,0,0,0,0,0,0,0,0,5666,2020
West Loop,122 N. Aberdeen St.,Chicago,60607,7440,6686,3575,0,0,2387,3372,3462,2902,3051,2424,2568,37867,2020
Back of the Yards,2111 W. 47th St.,Chicago,60609,3226,3246,1848,0,0,1643,1652,1810,1820,1870,1503,1398,20016,2020
Rogers Park,6907 N. Clark St.,Chicago,60626,11997,11407,6878,0,0,4655,7428,7724,9067,8118,3129,5314,75717,2020
Garfield Ridge,6348 S. Archer Ave.,Chicago,60638,5282,4928,3215,0,0,2448,2899,2941,2865,2957,2413,2337,32285,2020
King,3436 S. King Dr.,Chicago,60616,2904,3518,1960,0,0,65,1260,1438,1588,1585,1290,1294,16902,2020
West Belmont,3104 N. Narragansett Ave.,Chicago,60634,3816,4175,7177,0,0,1076,2310,2471,2451,3088,2186,1979,30729,2020
"Daley, Richard M.",733 N. Kedzie Ave.,Chicago,60612,10899,11767,7358,0,0,5363,5653,5363,6430,7365,6105,6099,72402,2020
Humboldt Park,1605 N. Troy St.,Chicago,60647,4846,4760,6954,0,0,947,2441,3156,3432,4809,3148,2786,37279,2020
Sulzer Regional Library,4455 N. Lincoln Ave.,Chicago,60625,29483,27624,14313,0,0,9709,14281,14330,14172,15367,12640,13600,165519,2020
Blackstone,4904 S. Lake Park Ave.,Chicago,60615,7216,6828,3628,0,0,309,0,0,0,0,140,1954,20075,2020
North Austin,5724 W. North Ave.,Chicago,60639,3864,3893,1597,0,0,594,1260,1528,1448,1403,1192,1128,17907,2020
Budlong Woods,5630 N. Lincoln Ave.,Chicago,60659,10069,9802,8101,0,0,3299,5719,6141,5455,5560,5100,5095,64341,2020
Lincoln Park,1150 W. Fullerton Ave.,Chicago,60614,11563,11031,13002,0,0,4139,5547,5466,4993,6030,4960,5009,71740,2020
West Lawn,4020 W. 63rd St.,Chicago,60629,4880,4682,3255,0,0,538,891,1288,1391,1548,1055,1041,20569,2020
Archer Heights,5055 S. Archer Ave.,Chicago,60632,6620,5803,4045,0,0,2697,3767,3754,3737,3999,3198,3229,40849,2020
Hegewisch,3048 E. 130th St.,Chicago,60633,3017,2785,2064,0,0,1378,1832,1857,1698,1998,961,1332,18922,2020
Independence,4024 N. Elston Ave.,Chicago,60618,5491,5189,2275,0,0,1965,2776,2622,2865,2998,2025,1716,29922,2020
Lozano,1805 S. Loomis St.,Chicago,60608,10498,9411,6806,0,0,1945,3316,3001,3204,4051,3390,2148,47770,2020
South Shore,2505 E. 73rd St.,Chicago,60649,0,0,0,0,0,0,389,1086,1097,1262,894,387,5115,2020
Chinatown,2100 S. Wentworth Ave.,Chicago,60616,19325,14701,10222,0,0,1884,3375,4147,4159,4854,3129,3176,68972,2020
Douglass,3353 W. 13th St.,Chicago,60623,0,0,0,0,0,388,1230,756,568,919,663,512,5036,2020
Logan Square,3030 W. Fullerton Ave.,Chicago,60647,12501,11545,6711,0,0,4243,6795,8731,7027,0,4890,6146,68589,2020
Roden,6083 N. Northwest Hwy.,Chicago,60631,736,3742,5078,0,0,2337,3306,1621,2654,3238,2448,2791,27951,2020
Galewood-Mont Clare,6871 W. Belden Ave.,Chicago,60707,1591,1375,634,0,0,0,0,0,0,0,0,0,3600,2020
West Chicago Avenue,4856 W. Chicago Ave.,Chicago,60651,7252,5970,3967,0,0,542,832,873,851,835,620,595,22337,2020
Bucktown-Wicker Park,1701 N. Milwaukee Ave.,Chicago,60647,10699,9981,5663,0,0,2034,3654,4991,4948,5154,4552,4813,56489,2020
North Pulaski,4300 W. North Ave.,Chicago,60639,3209,2994,2029,0,0,444,1013,2274,2178,2259,1795,1567,19762,2020
McKinley Park,1915 W. 35th St.,Chicago,60609,6531,5301,3513,0,0,3604,4401,4118,4015,3820,2851,610,38764,2020
West Town,1625 W. Chicago Ave.,Chicago,60622,9179,8264,5392,0,0,3076,3349,1767,5587,6650,4183,3107,50554,2020
Beverly,1962 W. 95th St.,Chicago,60643,2881,2843,1537,0,0,1119,1360,2003,1442,1753,1348,1136,17422,2020
Legler Regional,115 S. Pulaski Rd.,Chicago,60624,0,0,0,0,0,0,0,0,0,0,0,108,108,2020
Toman,2708 S. Pulaski Rd.,Chicago,60623,4196,4295,3589,0,0,1121,2017,1956,1780,2010,1526,1267,23757,2020
Austin,5615 W. Race Ave.,Chicago,60644,9335,9562,5390,0,0,1838,3614,4584,4122,3932,3152,2923,48452,2020
Jefferson Park,5363 W. Lawrence Ave.,Chicago,60630,5270,4718,2997,0,0,2835,3551,2569,2661,3458,2832,2452,33343,2020
Mayfair,4400 W. Lawrence Ave.,Chicago,60630,3412,2898,2123,0,0,696,1393,1833,1751,1971,1530,1348,18955,2020
South Chicago,9055 S. Houston Ave.,Chicago,60617,6489,6023,3457,0,0,2055,2827,3213,3161,3210,2064,0,32499,2020
Clearing,6423 W. 63rd Pl.,Chicago,60638,4334,4137,3327,0,0,3125,3251,3085,2800,2300,2035,1894,30288,2020
Merlo,644 W. Belmont Ave.,Chicago,60657,0,0,0,0,0,0,0,0,0,0,0,0,0,2020
Uptown,929 W. Buena Ave.,Chicago,60613,10289,10115,6286,0,0,3292,4855,4682,4650,5061,3941,4365,57536,2020
Chicago Lawn,6120 S. Kedzie Ave.,Chicago,60629,2301,5013,3568,0,0,1905,3726,3706,2917,3224,2730,2529,31619,2020
Harold Washtington Library Center,400 S. State St.,Chicago,60605,104255,102202,75066,0,0,23673,36325,35144,44570,51962,40119,41058,554374,2020
Brighton Park,4314 S. Archer Ave.,Chicago,60632,3894,3562,2639,0,0,561,1346,1323,1174,1638,1194,1139,18470,2020
West Englewood,1745 W. 63rd St.,Chicago,60636,5207,4909,3212,0,0,1557,2192,2483,2437,2533,1836,1810,28176,2020
Little Village,2311 S. Kedzie Ave.,Chicago,60623,5288,4917,3508,0,0,614,1443,1652,1762,1893,1430,1332,23839,2020
Lincoln Belmont,1659 W. Melrose St.,Chicago,60657,12707,11844,6818,0,0,4330,5711,4372,3794,2242,3484,2436,57738,2020
Gage Park,2807 W. 55th St.,Chicago,60632,2058,1942,1311,0,0,0,0,0,0,0,0,0,5311,2020
"Whitney M. Young, Jr.",415 East 79th St.,Chicago,60619,1830,1515,1921,2215,2311,2436,1639,3665,3651,2854,3016,3113,30166,2021
West Lawn,4020 W. 63rd St.,Chicago,60629,1030,914,1363,1406,1307,699,0,0,0,0,0,0,6719,2021
West Town,1625 W. Chicago Ave.,Chicago,60622,3402,2938,3580,3627,4617,4973,4058,2096,2969,6183,5076,4759,48278,2021
West Pullman,830 W. 119th St.,Chicago,60643,883,990,1872,1445,1490,1471,1645,1470,1203,1243,1098,1122,15932,2021
Wrightwood-Ashburn,8530 S. Kedzie Ave.,Chicago,60652,1417,0,0,734,908,1223,1435,1299,1279,1440,1316,1223,12274,2021
Uptown,929 W. Buena Ave.,Chicago,60613,4948,3901,4675,5357,4901,5713,5877,6088,6197,6305,5801,5496,65259,2021
Chicago Lawn,6120 S. Kedzie Ave.,Chicago,60629,2444,2207,3018,2960,3233,3605,4959,5416,4056,3890,3524,3557,42869,2021
Harold Washtington Library Center,400 S. State St.,Chicago,60605,39287,36109,43918,38621,24131,49671,52519,43215,52795,57025,54392,52268,543951,2021
Brighton Park,4314 S. Archer Ave.,Chicago,60632,1250,1004,1515,1418,1451,1481,2581,2499,320,0,1270,1427,16216,2021
West Chicago Avenue,4856 W. Chicago Ave.,Chicago,60651,330,490,667,618,692,693,786,887,1102,991,881,817,8954,2021
Little Village,2311 S. Kedzie Ave.,Chicago,60623,967,1030,1158,1058,1317,1154,1713,1670,1596,1724,1721,1463,16571,2021
Lincoln Belmont,1659 W. Melrose St.,Chicago,60657,2888,3225,5433,5369,6630,5374,9603,2192,6908,7098,6446,6001,67167,2021
Gage Park,2807 W. 55th St.,Chicago,60632,0,0,0,0,0,0,0,406,740,1308,1243,1122,4819,2021
Northtown,6800 N. Western Ave.,Chicago,60645,5957,5228,7482,6957,7333,8733,8909,9035,7797,7640,7640,6818,89529,2021
Dunning,7455 W. Cornelia Ave.,Chicago,60634,4240,3646,4945,5441,4854,5150,7909,8380,8512,6217,6054,5705,71053,2021
Bezazian,1226 W. Ainslie St.,Chicago,60640,0,0,1629,4587,3738,2300,3663,5547,5549,6515,5552,4581,43661,2021
West Loop,122 N. Aberdeen St.,Chicago,60607,2514,2322,2685,2823,2728,2675,3442,3423,3346,3629,3569,3237,36393,2021
Pullman,11001 S. Indiana Ave.,Chicago,60628,1558,1676,835,889,2124,2887,2906,2595,2456,2676,2329,2095,25026,2021
Jeffery Manor,2401 E. 100th St.,Chicago,60617,2002,1747,2367,2425,110,222,959,1192,991,941,882,789,14627,2021
Hall,4801 S. Michigan Ave.,Chicago,60615,0,704,1629,1662,2029,2478,2627,2660,2278,2800,2333,2128,23328,2021
Mount Greenwood,11010 S. Kedzie Ave.,Chicago,60655,1400,1162,1583,1532,1479,1743,1913,1798,1569,1248,1558,1387,18372,2021
Coleman,731 E. 63rd St.,Chicago,60637,3059,2538,2316,3029,1382,2802,2913,3625,3568,3778,3444,3827,36281,2021
Austin-Irving,6100 W. Irving Park Rd.,Chicago,60634,3101,3072,4830,3651,4121,4523,4536,4337,4483,4613,3488,3965,48720,2021
Woodson Regional Library,9525 S. Halsted St.,Chicago,60628,3655,3446,5049,6815,3638,3144,5060,5636,5256,5312,4550,4426,55987,2021
Thurgood Marshall,7506 S. Racine Ave.,Chicago,60620,2094,2043,2695,2698,2419,2557,2944,3165,2994,3092,2690,2773,32164,2021
Chicago Bee,3647 S. State St.,Chicago,60609,496,488,595,653,866,974,898,1130,1076,1145,931,936,10188,2021
Vodak-East Side,3710 E. 106th St.,Chicago,60617,2007,2769,2370,2357,2184,2188,3058,3058,3141,3674,3405,3357,33568,2021
Walker,11071 S. Hoyne Ave.,Chicago,60643,325,457,704,707,516,900,990,977,975,1783,3088,633,12055,2021
Albany Park,3401 W. Foster Ave.,Chicago,60625,3419,3366,4404,4299,4256,4958,5325,5877,6740,7259,6445,6492,62840,2021
Avalon,8148 S. Stony Island Ave.,Chicago,60617,2985,2513,4235,3864,4046,3479,4270,4583,4489,4840,4136,3413,46853,2021
Brainerd,1350 W. 89th St.,Chicago,60620,617,815,1160,129,0,469,624,655,714,754,602,774,7313,2021
Oriole Park,7454 W. Balmoral Ave.,Chicago,60656,3528,2912,3868,3563,3688,4291,4375,4047,5658,4963,4734,4153,49780,2021
Little Italy,1336 W. Taylor St.,Chicago,60607,2801,2488,811,2835,3314,3536,4215,4359,4920,6862,5647,6305,48093,2021
Edgebrook,5331 W. Devon Ave.,Chicago,60646,3693,3427,4527,4316,3982,4167,5480,5383,4771,4556,4563,4018,52883,2021
Kelly,6151 S. Normal Blvd.,Chicago,60621,497,428,635,587,639,646,876,929,852,854,736,1717,9396,2021
Edgewater,6000 N. Broadway St.,Chicago,60660,7563,6508,7403,7607,3654,6060,10020,9843,9328,9424,8436,8461,94307,2021
Near North,310 W. Division St.,Chicago,60610,4771,4786,6168,6179,6708,7670,6837,6536,6649,6686,6992,5750,75732,2021
Canaryville,642 W. 43rd St.,Chicago,60609,0,0,0,0,0,0,396,808,1744,1778,1586,1599,7911,2021
"Daley, Richard J.",3400 S. Halsted St.,Chicago,60608,2480,2162,2959,3141,4858,3370,3473,653,0,0,0,0,23096,2021
Manning,6 S. Hoyne Ave.,Chicago,60612,0,0,0,0,0,0,0,0,1239,2986,2780,2831,9836,2021
Portage-Cragin,5108 W. Belmont Ave.,Chicago,60641,2301,1971,2789,2645,2533,2724,3199,3326,3447,3523,3402,3116,34976,2021
Greater Grand Crossing,1000 E. 73rd St.,Chicago,60619,837,954,1097,1137,1137,1304,2303,0,930,1724,1237,950,13610,2021
Scottsdale,4101 W. 79th St.,Chicago,60652,1856,2117,1625,1598,3369,3596,4579,4124,3734,3768,3553,3513,37432,2021
Altgeld,955 E. 131st St.,Chicago,60827,339,270,412,470,724,998,1437,1397,162,155,1744,2652,10760,2021
Back of the Yards,2111 W. 47th St.,Chicago,60609,1440,1482,2382,1491,1948,1970,2560,2873,2283,2957,1877,2122,25385,2021
Rogers Park,6907 N. Clark St.,Chicago,60626,4179,4718,6600,5291,6506,5446,7667,7419,7437,8301,5635,6496,75695,2021
Garfield Ridge,6348 S. Archer Ave.,Chicago,60638,2594,2330,3215,2816,2705,3375,3626,3139,3204,3526,3122,3419,37071,2021
King,3436 S. King Dr.,Chicago,60616,1209,1101,1481,1474,1480,1498,1711,1492,1329,1403,1845,1362,17385,2021
Water Works,163 E. Pearson Street,Chicago,60611,0,0,0,0,0,0,0,0,1024,3207,3365,2998,10594,2021
"Daley, Richard M.",733 N. Kedzie Ave.,Chicago,60612,6556,6016,6788,5320,4750,5961,4218,5543,5565,4430,4142,4819,64108,2021
Humboldt Park,1605 N. Troy St.,Chicago,60647,2527,1962,2634,2570,2839,2915,3305,3375,3079,2853,2918,3115,34092,2021
Sulzer Regional Library,4455 N. Lincoln Ave.,Chicago,60625,13873,12812,16196,14320,14497,13147,15148,16132,15602,16374,12616,14660,175377,2021
Blackstone,4904 S. Lake Park Ave.,Chicago,60615,3491,2572,4279,4316,4527,4822,5970,6237,5925,6649,6316,5906,61010,2021
North Austin,5724 W. North Ave.,Chicago,60639,1072,868,1262,1249,1350,1969,1864,1710,1428,1445,1318,1282,16817,2021
Budlong Woods,5630 N. Lincoln Ave.,Chicago,60659,5058,4386,5771,5662,5382,6008,7148,7031,6210,6390,6078,5559,70683,2021
Lincoln Park,1150 W. Fullerton Ave.,Chicago,60614,4915,4435,5858,5630,5764,7657,6967,7273,6874,7174,7287,6040,75874,2021
West Englewood,1745 W. 63rd St.,Chicago,60636,2038,1657,2047,1947,2211,2225,2467,3104,2958,3021,2759,2471,28905,2021
Archer Heights,5055 S. Archer Ave.,Chicago,60632,2949,2857,3310,3325,2911,2244,2937,2993,2847,3095,2709,2488,34665,2021
Hegewisch,3048 E. 130th St.,Chicago,60633,1165,1081,1450,1507,1451,1523,1611,1428,1461,1568,1365,1362,16972,2021
Independence,4024 N. Elston Ave.,Chicago,60618,2412,2172,2554,2486,2490,2429,3039,3665,2963,2996,3033,2792,33031,2021
Lozano,1805 S. Loomis St.,Chicago,60608,3634,4546,3215,3959,7947,7910,4440,4323,3918,3171,4508,4158,55729,2021
South Shore,2505 E. 73rd St.,Chicago,60649,1066,868,1155,1514,1620,1486,1388,1819,1784,1682,1539,1580,17501,2021
Chinatown,2100 S. Wentworth Ave.,Chicago,60616,2963,2583,4102,6748,6209,7770,11264,11362,10363,11385,10353,8681,93783,2021
Douglass,3353 W. 13th St.,Chicago,60623,435,326,484,548,484,184,589,1165,1055,728,1152,895,8045,2021
Logan Square,3030 W. Fullerton Ave.,Chicago,60647,7285,6269,7746,7003,6563,7634,8569,8214,7770,8685,8643,8307,92688,2021
Roden,6083 N. Northwest Hwy.,Chicago,60631,2759,2471,2950,2866,3285,4137,3952,3791,3381,3520,3261,3393,39766,2021
Galewood-Mont Clare,6871 W. Belden Ave.,Chicago,60707,0,0,0,0,0,0,0,0,0,0,0,0,0,2021
West Belmont,3104 N. Narragansett Ave.,Chicago,60634,1954,1675,2323,2153,2225,3387,2728,2856,2847,3106,2967,2472,30693,2021
Bucktown-Wicker Park,1701 N. Milwaukee Ave.,Chicago,60647,5015,4257,4969,5355,5364,4530,6287,5834,5961,6668,7070,5676,66986,2021
North Pulaski,4300 W. North Ave.,Chicago,60639,1669,1425,2190,1923,1980,2233,2466,2169,2284,2142,2088,2024,24593,2021
McKinley Park,1915 W. 35th St.,Chicago,60609,368,2793,3784,3621,3409,3679,4062,4369,4553,4392,4310,3795,43135,2021
Beverly,1962 W. 95th St.,Chicago,60643,1709,1221,1741,2081,1761,1816,2350,2000,1994,2178,2368,2237,23456,2021
Legler Regional,115 S. Pulaski Rd.,Chicago,60624,477,359,424,629,650,1004,1326,1272,2427,2174,2179,2170,15091,2021
Toman,2708 S. Pulaski Rd.,Chicago,60623,1371,1155,1856,1554,1522,1842,1925,1662,1818,1645,1538,1675,19563,2021
Austin,5615 W. Race Ave.,Chicago,60644,2991,2412,3799,2957,2615,2946,2874,3083,2926,3171,3164,2383,35321,2021
Jefferson Park,5363 W. Lawrence Ave.,Chicago,60630,2656,2338,3901,5630,4029,4227,4475,4328,3834,4061,4034,3429,46942,2021
Mayfair,4400 W. Lawrence Ave.,Chicago,60630,1302,1061,1682,1566,1533,1520,2795,2261,2105,2100,2194,1675,21794,2021
South Chicago,9055 S. Houston Ave.,Chicago,60617,768,1726,1866,2294,2737,2783,3409,3580,3375,2729,3142,2927,31336,2021
Clearing,6423 W. 63rd Pl.,Chicago,60638,440,380,1100,525,1535,0,455,1605,1515,1590,380,1152,10677,2021
Merlo,644 W. Belmont Ave.,Chicago,60657,4605,5611,6347,6577,7036,7657,7875,8351,8264,8694,7916,7274,86207,2021
Sherman Park,5440 S. Racine Ave.,Chicago,60609,1420,1264,1699,1644,1404,1707,1809,1824,1669,1587,1489,1321,18837,2021
Galewood-Mont Clare,6871 W. Belden Ave.,Chicago,60707,0,0,0,0,0,0,0,0,0,0,0,0,0,2022
Bezazian,1226 W. Ainslie St.,Chicago,60640,0,5133,6393,7186,7870,5395,4471,3789,3907,3799,3932,3332,55207,2022
"Whitney M. Young, Jr.",415 East 79th St.,Chicago,60619,1830,2462,3014,3406,3464,4946,3809,4064,4172,4579,4319,3511,43576,2022
West Loop,122 N. Aberdeen St.,Chicago,60607,2514,3085,4329,4306,4206,4264,4639,4826,4645,5246,5030,4047,51137,2022
Oriole Park,7454 W. Balmoral Ave.,Chicago,60656,3528,4252,5458,3774,3080,4827,5100,5297,5014,4880,4712,4723,54645,2022
South Chicago,9055 S. Houston Ave.,Chicago,60617,768,3114,3980,3881,3822,3374,4843,4842,4285,3607,3146,3328,42990,2022
Douglass,3353 W. 13th St.,Chicago,60623,435,1100,1456,1586,2803,0,4316,3921,3733,2738,1626,2256,25970,2022
Rogers Park,6907 N. Clark St.,Chicago,60626,4179,7092,8908,8827,8728,8624,8696,8916,9226,9380,9355,7431,99362,2022
Hegewisch,3048 E. 130th St.,Chicago,60633,1165,1194,1552,1612,1411,1841,1858,796,162,1156,1228,934,14909,2022
Garfield Ridge,6348 S. Archer Ave.,Chicago,60638,2594,2929,4083,3782,3370,5176,6041,4817,4982,3982,4529,3924,50209,2022
Toman,2708 S. Pulaski Rd.,Chicago,60623,1371,1163,1669,2198,2533,2390,2546,2364,1667,3009,2793,1942,25645,2022
Edgewater,6000 N. Broadway St.,Chicago,60660,7563,3509,8040,9664,8411,8531,9696,9588,8944,9539,8103,6262,97850,2022
Greater Grand Crossing,1000 E. 73rd St.,Chicago,60619,837,977,1447,1657,1838,1769,1437,1760,2375,2391,2057,2125,20670,2022
West Belmont,3104 N. Narragansett Ave.,Chicago,60634,1954,2396,3035,3054,2954,5544,3485,3898,3253,5245,6103,2923,43844,2022
Clearing,6423 W. 63rd Pl.,Chicago,60638,1505,918,1290,1290,730,575,870,1605,1440,1156,2425,1770,15574,2022
Chicago Bee,3647 S. State St.,Chicago,60609,512,900,1002,1086,1211,819,1074,993,1162,985,841,977,11562,2022
Humboldt Park,1605 N. Troy St.,Chicago,60647,2527,2725,3753,3867,4047,7297,4741,4958,3705,5676,3262,1665,48223,2022
Harold Washtington Library Center,400 S. State St.,Chicago,60605,39287,50081,64622,64754,60950,63316,71029,65825,61361,67126,50053,28348,686752,2022
West Lawn,4020 W. 63rd St.,Chicago,60629,1030,1345,2505,2815,2744,3798,4384,4067,3307,3516,3431,3531,36473,2022
Coleman,731 E. 63rd St.,Chicago,60637,3059,1540,4054,4297,4225,4162,4816,5462,2750,3187,2506,2270,42328,2022
Walker,11071 S. Hoyne Ave.,Chicago,60643,521,670,1255,613,964,948,1166,1146,1016,1157,996,1079,11531,2022
Chicago Lawn,6120 S. Kedzie Ave.,Chicago,60629,2444,2794,3927,3810,3833,4635,4397,4968,4236,4369,4241,3423,47077,2022
"Daley, Richard M.",733 N. Kedzie Ave.,Chicago,60612,6556,4072,3827,5137,5130,4408,4118,3433,3749,3686,2541,3656,50313,2022
Independence,4024 N. Elston Ave.,Chicago,60618,2412,2684,3171,3146,3002,5240,3752,3945,2903,3539,3887,2960,40641,2022
Pullman,11001 S. Indiana Ave.,Chicago,60628,1558,1705,2575,2990,3001,3175,3237,2752,3230,3605,3527,2684,34039,2022
Scottsdale,4101 W. 79th St.,Chicago,60652,1856,2867,3325,3356,3420,3392,3299,3403,3081,2995,3261,2832,37087,2022
Budlong Woods,5630 N. Lincoln Ave.,Chicago,60659,5058,5714,7070,6613,6087,6615,8904,7810,6659,8755,7259,3437,79981,2022
Lincoln Belmont,1659 W. Melrose St.,Chicago,60657,2888,843,0,1247,5464,5435,6435,7667,7074,7100,6929,6161,57243,2022
Brainerd,1350 W. 89th St.,Chicago,60620,617,536,995,1088,1354,1147,1182,1215,1098,973,1301,836,12342,2022
Austin,5615 W. Race Ave.,Chicago,60644,2991,2312,3410,3486,1636,3883,5135,4145,3804,3918,3492,2982,41194,2022
Thurgood Marshall,7506 S. Racine Ave.,Chicago,60620,2094,2577,3050,3280,3326,3379,3684,3675,3628,3621,3095,3206,38615,2022
Kelly,6151 S. Normal Blvd.,Chicago,60621,497,1461,2781,2587,2666,2834,2730,3343,2686,2867,2381,2093,28926,2022
Chinatown,2100 S. Wentworth Ave.,Chicago,60616,2963,6955,11013,11999,13147,15962,16974,15109,13290,14005,11877,11473,144767,2022
Mount Greenwood,11010 S. Kedzie Ave.,Chicago,60655,1400,1478,1936,1857,1986,2399,2774,2313,1986,2448,1787,1715,24079,2022
West Town,1625 W. Chicago Ave.,Chicago,60622,3402,4726,5947,5530,4300,6246,6644,6767,5888,6537,6620,5791,68398,2022
North Austin,5724 W. North Ave.,Chicago,60639,1072,1337,1895,1979,1598,1587,2002,1939,1627,1770,1745,1435,19986,2022
Lincoln Park,1150 W. Fullerton Ave.,Chicago,60614,4915,6552,8399,9454,9152,12512,10660,10414,8960,11785,17248,8067,118118,2022
Little Village,2311 S. Kedzie Ave.,Chicago,60623,1270,1348,1896,1877,2016,2269,2449,2171,2043,2080,1928,617,21964,2022
"Daley, Richard J.",3400 S. Halsted St.,Chicago,60608,2480,0,0,0,957,2086,2105,2049,1873,2150,2112,2154,17966,2022
Altgeld,955 E. 131st St.,Chicago,60827,339,822,3378,3231,3217,3466,4771,4217,4146,4613,3542,3204,38946,2022
Roden,6083 N. Northwest Hwy.,Chicago,60631,2759,3073,4268,4712,3858,8939,4562,4582,3794,8002,10121,3840,62510,2022
Uptown,929 W. Buena Ave.,Chicago,60613,4948,5325,6378,4801,0,1999,5785,6428,6106,6519,7091,5913,61293,2022
Water Works,163 E. Pearson Street,Chicago,60611,0,2774,4298,4501,4646,4801,5112,5035,4052,4194,3860,4321,47594,2022
Jeffery Manor,2401 E. 100th St.,Chicago,60617,2002,863,1226,1284,1448,1680,1790,1661,1171,1835,1724,1103,17787,2022
Edgebrook,5331 W. Devon Ave.,Chicago,60646,3693,4302,5447,5241,5187,6707,6437,6411,5317,5992,6298,5184,66216,2022
Jefferson Park,5363 W. Lawrence Ave.,Chicago,60630,2656,3140,4490,4787,3951,4418,4460,4287,3526,3663,3926,2864,46168,2022
McKinley Park,1915 W. 35th St.,Chicago,60609,368,3624,4731,3942,4584,5238,5037,5458,4786,5641,4726,3761,51896,2022
Woodson Regional Library,9525 S. Halsted St.,Chicago,60628,3655,4516,3918,6239,5610,5815,6183,5996,5305,5491,4986,3678,61392,2022
Albany Park,3401 W. Foster Ave.,Chicago,60625,3419,6208,8004,6925,7068,6394,7005,6848,7061,6955,6719,6469,79075,2022
Lozano,1805 S. Loomis St.,Chicago,60608,3634,2311,3021,3780,3664,2693,3995,4508,4097,4777,5728,3121,45329,2022
Gage Park,2807 W. 55th St.,Chicago,60632,0,911,1586,1875,1633,1570,1470,1678,1131,2032,1620,1527,17033,2022
West Pullman,830 W. 119th St.,Chicago,60643,1216,944,1175,1734,1803,2282,1807,2090,2023,2377,6051,235,23737,2022
Sherman Park,5440 S. Racine Ave.,Chicago,60609,1420,1409,1846,2017,1786,1508,1434,1740,1263,1227,994,1009,17653,2022
West Englewood,1745 W. 63rd St.,Chicago,60636,2038,2281,2754,2423,2872,3403,2924,4282,2708,3534,3277,2499,34995,2022
North Pulaski,4300 W. North Ave.,Chicago,60639,1669,2052,2283,2413,2211,2444,2677,2876,2443,2487,2370,2419,28344,2022
West Chicago Avenue,4856 W. Chicago Ave.,Chicago,60651,608,808,1207,1140,1119,1591,1181,1474,1622,1513,2024,1087,15374,2022
Manning,6 S. Hoyne Ave.,Chicago,60612,0,2701,3653,3924,4531,3858,3653,3680,2974,3861,3523,2952,39310,2022
Beverly,1962 W. 95th St.,Chicago,60643,1709,1943,1403,99,0,1489,2773,2871,2592,2685,2490,2179,22233,2022
Northtown,6800 N. Western Ave.,Chicago,60645,5957,6137,8619,8090,8461,6614,4807,6426,5969,8492,9581,5326,84479,2022
Canaryville,642 W. 43rd St.,Chicago,60609,0,1427,1854,1894,33,0,736,1184,1038,957,887,950,10960,2022
Blackstone,4904 S. Lake Park Ave.,Chicago,60615,3491,5724,7464,7252,7130,7061,6992,7065,7194,6380,5979,4894,76626,2022
Little Italy,1336 W. Taylor St.,Chicago,60607,2801,5665,8196,7564,7828,8215,7872,8699,8736,8458,7284,5633,86951,2022
Hall,4801 S. Michigan Ave.,Chicago,60615,0,2213,2716,2923,2996,2850,3200,3488,3003,3157,2555,2053,31154,2022
Logan Square,3030 W. Fullerton Ave.,Chicago,60647,7285,8572,10957,10380,9038,9187,10600,11057,9856,10579,10006,9037,116554,2022
South Shore,2505 E. 73rd St.,Chicago,60649,1066,1178,1575,1544,1801,1576,2059,2264,1864,1936,1812,1508,20183,2022
King,3436 S. King Dr.,Chicago,60616,1209,1080,1639,1607,1652,1959,1793,1656,1532,1492,1404,1041,18064,2022
Mayfair,4400 W. Lawrence Ave.,Chicago,60630,1302,1552,1980,1826,1446,1715,1594,1623,1446,1441,1508,1388,18821,2022
Back of the Yards,2111 W. 47th St.,Chicago,60609,1440,1689,2689,2942,2729,2933,2717,2943,2816,3508,2576,2276,31258,2022
Avalon,8148 S. Stony Island Ave.,Chicago,60617,2985,4007,4777,5025,4666,4188,5093,4747,3630,3639,3029,1950,47736,2022
Austin-Irving,6100 W. Irving Park Rd.,Chicago,60634,3101,3642,4957,4893,4326,5147,5029,5149,4840,5656,5303,3944,55987,2022
Merlo,644 W. Belmont Ave.,Chicago,60657,4605,7379,10016,9522,9188,15221,8547,8701,7799,10197,12420,6551,110146,2022
Archer Heights,5055 S. Archer Ave.,Chicago,60632,2949,2360,3250,3169,2896,4950,3198,3390,3329,4599,5054,2703,41847,2022
Sulzer Regional Library,4455 N. Lincoln Ave.,Chicago,60625,13873,15111,19899,18966,17119,14966,18748,19294,18776,21154,20568,16373,214847,2022
Legler Regional,115 S. Pulaski Rd.,Chicago,60624,477,2056,3315,2875,3574,3276,3601,3442,3310,3346,3196,2539,35007,2022
Portage-Cragin,5108 W. Belmont Ave.,Chicago,60641,2301,3072,3987,3828,3466,5573,4058,4024,3335,4621,5254,3156,46675,2022
Wrightwood-Ashburn,8530 S. Kedzie Ave.,Chicago,60652,1417,1164,1631,1874,1817,3609,1048,1401,2117,5210,6950,1410,29648,2022
Vodak-East Side,3710 E. 106th St.,Chicago,60617,2007,2718,3749,4378,3420,3343,4703,4355,3761,4074,3700,2844,43052,2022
Bucktown-Wicker Park,1701 N. Milwaukee Ave.,Chicago,60647,5015,5954,7115,7525,6111,11320,8472,8434,8088,7620,7122,3317,86093,2022
Near North,310 W. Division St.,Chicago,60610,4771,5815,4707,0,0,0,0,7086,10148,12716,9813,5974,61030,2022
Dunning,7455 W. Cornelia Ave.,Chicago,60634,4240,5603,6706,5857,6394,5177,7638,6869,6169,6495,5513,5443,72104,2022
Brighton Park,4314 S. Archer Ave.,Chicago,60632,1250,1727,2959,3207,2356,3090,2871,3264,3017,3270,3264,2681,32956,2022
Walker,11071 S. Hoyne Ave.,Chicago,60643,1090,1914,2029,1754,1488,0,0,0,0,0,0,0,8275,2023
Albany Park,3401 W. Foster Ave.,Chicago,60625,6565,7308,6554,7159,7552,0,0,0,0,0,0,0,35138,2023
Avalon,8148 S. Stony Island Ave.,Chicago,60617,3345,3417,4169,3917,3614,0,0,0,0,0,0,0,18462,2023
Brainerd,1350 W. 89th St.,Chicago,60620,762,1023,1033,1397,1082,0,0,0,0,0,0,0,5297,2023
Oriole Park,7454 W. Balmoral Ave.,Chicago,60656,4896,4824,5486,5025,4954,0,0,0,0,0,0,0,25185,2023
Little Italy,1336 W. Taylor St.,Chicago,60607,7679,7318,8778,8378,8675,0,0,0,0,0,0,0,40828,2023
Edgebrook,5331 W. Devon Ave.,Chicago,60646,5774,5827,6259,5770,5878,0,0,0,0,0,0,0,29508,2023
Kelly,6151 S. Normal Blvd.,Chicago,60621,2361,2276,2598,3035,2901,0,0,0,0,0,0,0,13171,2023
Edgewater,6000 N. Broadway St.,Chicago,60660,8408,8676,9075,10534,8299,0,0,0,0,0,0,0,44992,2023
Near North,310 W. Division St.,Chicago,60610,6661,11052,11254,10335,6868,0,0,0,0,0,0,0,46170,2023
Canaryville,642 W. 43rd St.,Chicago,60609,1228,1290,1720,1420,1275,0,0,0,0,0,0,0,6933,2023
"Daley, Richard J.",3400 S. Halsted St.,Chicago,60608,1754,2150,3544,5498,4445,0,0,0,0,0,0,0,17391,2023
Manning,6 S. Hoyne Ave.,Chicago,60612,3272,3333,3536,3999,4068,0,0,0,0,0,0,0,18208,2023
Portage-Cragin,5108 W. Belmont Ave.,Chicago,60641,4569,7520,9359,8386,7057,0,0,0,0,0,0,0,36891,2023
"Whitney M. Young, Jr.",415 East 79th St.,Chicago,60619,1976,3628,4051,4577,2262,0,0,0,0,0,0,0,16494,2023
Greater Grand Crossing,1000 E. 73rd St.,Chicago,60619,2850,2852,3992,3740,4183,0,0,0,0,0,0,0,17617,2023
Scottsdale,4101 W. 79th St.,Chicago,60652,2976,3537,3839,3764,3258,0,0,0,0,0,0,0,17374,2023
Altgeld,955 E. 131st St.,Chicago,60827,3342,3529,4242,4346,3959,0,0,0,0,0,0,0,19418,2023
West Lawn,4020 W. 63rd St.,Chicago,60629,2769,3212,3589,3999,3832,0,0,0,0,0,0,0,17401,2023
Back of the Yards,2111 W. 47th St.,Chicago,60609,2440,2529,3529,3525,3473,0,0,0,0,0,0,0,15496,2023
Rogers Park,6907 N. Clark St.,Chicago,60626,6634,7712,11081,10685,10224,0,0,0,0,0,0,0,46336,2023
Garfield Ridge,6348 S. Archer Ave.,Chicago,60638,4670,4862,5640,5194,4791,0,0,0,0,0,0,0,25157,2023
King,3436 S. King Dr.,Chicago,60616,1208,1333,1377,1452,1640,0,0,0,0,0,0,0,7010,2023
Water Works,163 E. Pearson Street,Chicago,60611,3786,3634,4445,4120,4201,0,0,0,0,0,0,0,20186,2023
"Daley, Richard M.",733 N. Kedzie Ave.,Chicago,60612,3948,4199,5000,4322,4013,0,0,0,0,0,0,0,21482,2023
Humboldt Park,1605 N. Troy St.,Chicago,60647,2134,4843,2767,2608,2404,0,0,0,0,0,0,0,14756,2023
Sulzer Regional Library,4455 N. Lincoln Ave.,Chicago,60625,19382,19383,22779,19675,20137,0,0,0,0,0,0,0,101356,2023
Blackstone,4904 S. Lake Park Ave.,Chicago,60615,6396,6111,8340,7206,7152,0,0,0,0,0,0,0,35205,2023
North Austin,5724 W. North Ave.,Chicago,60639,1632,1472,1880,1925,1831,0,0,0,0,0,0,0,8740,2023
West Town,1625 W. Chicago Ave.,Chicago,60622,6684,6765,8422,7309,6577,0,0,0,0,0,0,0,35757,2023
Budlong Woods,5630 N. Lincoln Ave.,Chicago,60659,3641,6962,6465,5755,3924,0,0,0,0,0,0,0,26747,2023
Lincoln Park,1150 W. Fullerton Ave.,Chicago,60614,9102,13927,14045,14697,7933,0,0,0,0,0,0,0,59704,2023
West Englewood,1745 W. 63rd St.,Chicago,60636,2120,2508,2557,2559,2582,0,0,0,0,0,0,0,12326,2023
Archer Heights,5055 S. Archer Ave.,Chicago,60632,3282,6377,6239,2610,737,0,0,0,0,0,0,0,19245,2023
Hegewisch,3048 E. 130th St.,Chicago,60633,1245,1501,1511,1577,1150,0,0,0,0,0,0,0,6984,2023
Independence,4024 N. Elston Ave.,Chicago,60618,3638,4542,4108,3993,3366,0,0,0,0,0,0,0,19647,2023
Lozano,1805 S. Loomis St.,Chicago,60608,3697,5999,5354,4991,4079,0,0,0,0,0,0,0,24120,2023
South Shore,2505 E. 73rd St.,Chicago,60649,1736,2083,2268,2369,2536,0,0,0,0,0,0,0,10992,2023
Chinatown,2100 S. Wentworth Ave.,Chicago,60616,12943,12093,16430,16045,16491,0,0,0,0,0,0,0,74002,2023
Douglass,3353 W. 13th St.,Chicago,60623,2281,1605,1818,400,499,0,0,0,0,0,0,0,6603,2023
Logan Square,3030 W. Fullerton Ave.,Chicago,60647,10711,9805,12323,11115,10463,0,0,0,0,0,0,0,54417,2023
Roden,6083 N. Northwest Hwy.,Chicago,60631,4217,13491,13435,9104,4589,0,0,0,0,0,0,0,44836,2023
Galewood-Mont Clare,6871 W. Belden Ave.,Chicago,60707,0,0,0,0,0,0,0,0,0,0,0,0,0,2023
West Belmont,3104 N. Narragansett Ave.,Chicago,60634,3469,7391,6795,5312,3677,0,0,0,0,0,0,0,26644,2023
Bucktown-Wicker Park,1701 N. Milwaukee Ave.,Chicago,60647,3662,5151,5208,5988,3646,0,0,0,0,0,0,0,23655,2023
North Pulaski,4300 W. North Ave.,Chicago,60639,2612,2322,2771,2719,2774,0,0,0,0,0,0,0,13198,2023
McKinley Park,1915 W. 35th St.,Chicago,60609,4587,7009,7157,5770,5816,0,0,0,0,0,0,0,30339,2023
West Pullman,830 W. 119th St.,Chicago,60643,2432,8510,7576,5448,2817,0,0,0,0,0,0,0,26783,2023
Beverly,1962 W. 95th St.,Chicago,60643,2724,2792,3527,2989,2642,0,0,0,0,0,0,0,14674,2023
Legler Regional,115 S. Pulaski Rd.,Chicago,60624,2745,2781,3538,3476,3090,0,0,0,0,0,0,0,15630,2023
Toman,2708 S. Pulaski Rd.,Chicago,60623,2431,3178,2881,2383,2992,0,0,0,0,0,0,0,13865,2023
Austin,5615 W. Race Ave.,Chicago,60644,3335,3313,4077,4028,4296,0,0,0,0,0,0,0,19049,2023
Wrightwood-Ashburn,8530 S. Kedzie Ave.,Chicago,60652,1625,12146,6312,4074,1851,0,0,0,0,0,0,0,26008,2023
Jefferson Park,5363 W. Lawrence Ave.,Chicago,60630,3187,2839,3345,5012,4369,0,0,0,0,0,0,0,18752,2023
Mayfair,4400 W. Lawrence Ave.,Chicago,60630,1585,2201,2908,3110,2901,0,0,0,0,0,0,0,12705,2023
South Chicago,9055 S. Houston Ave.,Chicago,60617,3160,2950,3729,2989,3119,0,0,0,0,0,0,0,15947,2023
Clearing,6423 W. 63rd Pl.,Chicago,60638,1095,630,610,2935,480,0,0,0,0,0,0,0,5750,2023
Merlo,644 W. Belmont Ave.,Chicago,60657,8024,12599,13585,11985,8442,0,0,0,0,0,0,0,54635,2023
Uptown,929 W. Buena Ave.,Chicago,60613,6937,6885,7865,8517,7734,0,0,0,0,0,0,0,37938,2023
Chicago Lawn,6120 S. Kedzie Ave.,Chicago,60629,3320,3687,4129,4358,3964,0,0,0,0,0,0,0,19458,2023
Harold Washtington Library Center,400 S. State St.,Chicago,60605,31440,34144,37003,32806,39548,0,0,0,0,0,0,0,174941,2023
Brighton Park,4314 S. Archer Ave.,Chicago,60632,2346,3629,4285,4267,3130,0,0,0,0,0,0,0,17657,2023
West Chicago Avenue,4856 W. Chicago Ave.,Chicago,60651,1291,1499,2886,1989,1623,0,0,0,0,0,0,0,9288,2023
Little Village,2311 S. Kedzie Ave.,Chicago,60623,2402,3042,3836,3653,3665,0,0,0,0,0,0,0,16598,2023
Lincoln Belmont,1659 W. Melrose St.,Chicago,60657,7534,7608,8966,8509,7509,0,0,0,0,0,0,0,40126,2023
Gage Park,2807 W. 55th St.,Chicago,60632,1715,1511,3794,2243,1879,0,0,0,0,0,0,0,11142,2023
Northtown,6800 N. Western Ave.,Chicago,60645,6176,10135,9397,8077,6293,0,0,0,0,0,0,0,40078,2023
Dunning,7455 W. Cornelia Ave.,Chicago,60634,5224,5559,5898,6175,6047,0,0,0,0,0,0,0,28903,2023
Bezazian,1226 W. Ainslie St.,Chicago,60640,3766,3742,4305,4302,4027,0,0,0,0,0,0,0,20142,2023
West Loop,122 N. Aberdeen St.,Chicago,60607,5796,5291,6469,5617,5188,0,0,0,0,0,0,0,28361,2023
Pullman,11001 S. Indiana Ave.,Chicago,60628,2874,3466,3866,3738,3481,0,0,0,0,0,0,0,17425,2023
Jeffery Manor,2401 E. 100th St.,Chicago,60617,920,1797,1731,1890,1946,0,0,0,0,0,0,0,8284,2023
Hall,4801 S. Michigan Ave.,Chicago,60615,2360,2208,3020,2950,3310,0,0,0,0,0,0,0,13848,2023
Mount Greenwood,11010 S. Kedzie Ave.,Chicago,60655,2044,297,1227,2623,2433,0,0,0,0,0,0,0,8624,2023
Coleman,731 E. 63rd St.,Chicago,60637,2221,1750,1802,2812,2529,0,0,0,0,0,0,0,11114,2023
Austin-Irving,6100 W. Irving Park Rd.,Chicago,60634,3165,3462,3438,3240,3052,0,0,0,0,0,0,0,16357,2023
Woodson Regional Library,9525 S. Halsted St.,Chicago,60628,4608,5169,7259,7072,6216,0,0,0,0,0,0,0,30324,2023
Thurgood Marshall,7506 S. Racine Ave.,Chicago,60620,3169,5731,6439,5623,3694,0,0,0,0,0,0,0,24656,2023
Chicago Bee,3647 S. State St.,Chicago,60609,881,1022,1216,1197,1033,0,0,0,0,0,0,0,5349,2023
Vodak-East Side,3710 E. 106th St.,Chicago,60617,2632,3316,3622,3454,2704,0,0,0,0,0,0,0,15728,2023
Sherman Park,5440 S. Racine Ave.,Chicago,60609,964,1225,1200,1195,1107,0,0,0,0,0,0,0,5691,2023
